Workbook

Sheet instructions
A1: 2026 Men's Tournament Monte Carlo Model Workbook
A2: 1) teams tab now contains true KenPom NetRtg values in column E.
A3: 2) AP-based scoring uses Week 19 AP rankings and round win multipliers (not round reached points).
A4: 3) First Four placeholder rows remain blank for AP/base points and kenpom because the winner determines the value.
A5: 4) torvik and evanmia columns are still open for later fill.
A6: • Teams tab includes AP rank, base points, and per-round win-point columns
A7: • First Four placeholder rows leave AP/base points blank because scoring depends on which team wins the play-in
A9: How this pool scores
A10: • Pick 10 teams
A11: • Base points from Week 19 AP buckets:
A12: - AP 1-5 = 1 point
A13: - AP 6-10 = 2 points
... A23: Updated torvik from uploaded T-Rank PDF using AdjOE - AdjDE and evanmia from uploaded EvanMiya PDF using Relative Rating.

Sheet params
A1: parameter | B1: value | C1: notes
A2: weight_kenpom_z | B2: 0.4 | C2: Must sum to 1. Used for composite_rating in teams tab.
A3: weight_torvik_z | B3: 0.35 | C3: Must sum to 1. Used for composite_rating in teams tab.
A4: weight_evanmia_z | B4: 0.25 | C4: Must sum to 1. Used for composite_rating in teams tab.
A5: weights_sum_check | B5: =SUM(B2:B4) | C5: Should equal 1.0
A6: logistic_k | B6: 1 | C6: Controls how rating differences map to win probabilities. Calibrate later.
A7: mean_kenpom | B7: 16.841324 | C7: Auto-calculated from teams ratings
A8: stdevp_kenpom | B8: 12.142459 | C8: Auto-calculated from teams ratings
A9: mean_torvik | B9: 0.789725 | C9: Auto-calculated from teams ratings
A10: stdevp_torvik | B10: 0.19780729 | C10: Auto-calculated from teams ratings
A11: mean_evanmia | B11: 15.183824 | C11: Auto-calculated from teams ratings
A12: stdevp_evanmia | B12: 10.826895 | C12: Auto-calculated from teams ratings
A14: ap_poll_week_for_scoring | B14: Week 19 | C14: Pool scoring uses Week 19 AP Top 25 (Mar 9-15, 2026).

Sheet teams
A1: team_id | B1: team_name | C1: seed | D1: region | E1: kenpom | F1: torvik | G1: evanmia | H1: kenpom_z | I1: torvik_z | J1: evanmia_z | K1: composite_rating | L1: ap_rank_week19 | M1: base_points | N1: r1_win_points | O1: r2_win_points | P1: sweet16_win_points | Q1: elite8_win_points | R1: final4_win_points | S1: title_win_points
A2: NOTE: KenPom uses 2026 NetRtg. Torvik now uses 2026 BARTHAG (not AdjOE-AdjDE). EvanMiya uses 2026 Relative Rating. z-scores and composite below are precomputed so there are no formula compatibility issues.
A3: DATA STARTS ON ROW 4. Composite rating uses weighted z-scores to standardize different scales before combining.
A4: DUKE | B4: Duke | C4: 1 | D4: East | E4: 38.9 | F4: 0.9813 | G4: 34.8 | H4: 1.8166565 | I4: 0.96849312 | J4: 1.8118008 | K4: 1.5185854 | L4: 1 | M4: =IF($L4="",6,IF($L4<=5,1,IF($L4<=10,2,IF($L4<=15,3,IF($L4<=20,4,IF($L4<=25,5,6)))))) | N4: =IF($M4="","",$M4) | O4: =IF($M4="","",$M4*2) | P4: =IF($M4="","",$M4*3) | Q4: =IF($M4="","",$M4*4) | R4: =IF($M4="","",$M4*5) | S4: =IF($M4="","",$M4*6)
A5: SIENA | B5: Siena | C5: 16 | D5: East | E5: -2.1 | F5: 0.4548 | G5: -0.1 | H5: -1.5599249 | I5: -1.6931883 | J5: -1.4116535 | K5: -1.5694992 | M5: =IF($L5="",6,IF($L5<=5,1,IF($L5<=10,2,IF($L5<=15,3,IF($L5<=20,4,IF($L5<=25,5,6)))))) | N5: =IF($M5="","",$M5) | O5: =IF($M5="","",$M5*2) | P5: =IF($M5="","",$M5*3) | Q5: =IF($M5="","",$M5*4) | R5: =IF($M5="","",$M5*5) | S5: =IF($M5="","",$M5*6)
A6: OHST | B6: Ohio State | C6: 8 | D6: East | E6: 22.24 | F6: 0.9172 | G6: 21.2 | H6: 0.44461148 | I6: 0.64444035 | J6: 0.55566962 | K6: 0.54231612 | M6: =IF($L6="",6,IF($L6<=5,1,IF($L6<=10,2,IF($L6<=15,3,IF($L6<=20,4,IF($L6<=25,5,6)))))) | N6: =IF($M6="","",$M6) | O6: =IF($M6="","",$M6*2) | P6: =IF($M6="","",$M6*3) | Q6: =IF($M6="","",$M6*4) | R6: =IF($M6="","",$M6*5) | S6: =IF($M6="","",$M6*6)
A7: TCU | B7: TCU | C7: 9 | D7: East | E7: 17.59 | F7: 0.8367 | G7: 16 | H7: 0.061657733 | I7: 0.23747861 | J7: 0.07538417 | K7: 0.12662665 | M7: =IF($L7="",6,IF($L7<=5,1,IF($L7<=10,2,IF($L7<=15,3,IF($L7<=20,4,IF($L7<=25,5,6)))))) | N7: =IF($M7="","",$M7) | O7: =IF($M7="","",$M7*2) | P7: =IF($M7="","",$M7*3) | Q7: =IF($M7="","",$M7*4) | R7: =IF($M7="","",$M7*5) | S7: =IF($M7="","",$M7*6)
A8: SJU | B8: St. John's | C8: 5 | D8: East | E8: 25.91 | F8: 0.9415 | G8: 25.5 | H8: 0.74685669 | I8: 0.76728719 | J8: 0.95282874 | K8: 0.80550037 | L8: 13 | M8: =IF($L8="",6,IF($L8<=5,1,IF($L8<=10,2,IF($L8<=15,3,IF($L8<=20,4,IF($L8<=25,5,6)))))) | N8: =IF($M8="","",$M8) | O8: =IF($M8="","",$M8*2) | P8: =IF($M8="","",$M8*3) | Q8: =IF($M8="","",$M8*4) | R8: =IF($M8="","",$M8*5) | S8: =IF($M8="","",$M8*6)
A9: UNI | B9: Northern Iowa | C9: 12 | D9: East | E9: 11.81 | F9: 0.7752 | G9: 10.6 | H9: -0.41435789 | I9: -0.073430054 | J9: -0.4233738 | K9: -0.29728712 | M9: =IF($L9="",6,IF($L9<=5,1,IF($L9<=10,2,IF($L9<=15,3,IF($L9<=20,4,IF($L9<=25,5,6)))))) | N9: =IF($M9="","",$M9) | O9: =IF($M9="","",$M9*2) | P9: =IF($M9="","",$M9*3) | Q9: =IF($M9="","",$M9*4) | R9: =IF($M9="","",$M9*5) | S9: =IF($M9="","",$M9*6)
A10: KU | B10: Kansas | C10: 4 | D10: East | E10: 24.44 | F10: 0.9278 | G10: 21.9 | H10: 0.62579389 | I10: 0.69802786 | J10: 0.62032343 | K10: 0.64970816 | L10: 14 | M10: =IF($L10="",6,IF($L10<=5,1,IF($L10<=10,2,IF($L10<=15,3,IF($L10<=20,4,IF($L10<=25,5,6)))))) | N10: =IF($M10="","",$M10) | O10: =IF($M10="","",$M10*2) | P10: =IF($M10="","",$M10*3) | Q10: =IF($M10="","",$M10*4) | R10: =IF($M10="","",$M10*5) | S10: =IF($M10="","",$M10*6)
A11: CBU | B11: California Baptist | C11: 13 | D11: East | E11: 5.99 | F11: 0.689 | G11: 3.7 | H11: -0.89366773 | I11: -0.50920772 | J11: -1.0606756 | K11: -0.80085871 | M11: =IF($L11="",6,IF($L11<=5,1,IF($L11<=10,2,IF($L11<=15,3,IF($L11<=20,4,IF($L11<=25,5,6)))))) | N11: =IF($M11="","",$M11) | O11: =IF($M11="","",$M11*2) | P11: =IF($M11="","",$M11*3) | Q11: =IF($M11="","",$M11*4) | R11: =IF($M11="","",$M11*5) | S11: =IF($M11="","",$M11*6)
A12: LOU | B12: Louisville | C12: 6 | D12: East | E12: 25.42 | F12: 0.9364 | G12: 21.8 | H12: 0.70650242 | I12: 0.74150452 | J12: 0.61108717 | K12: 0.69489934 | L12: 24 | M12: =IF($L12="",6,IF($L12<=5,1,IF($L12<=10,2,IF($L12<=15,3,IF($L12<=20,4,IF($L12<=25,5,6)))))) | N12: =IF($M12="","",$M12) | O12: =IF($M12="","",$M12*2) | P12: =IF($M12="","",$M12*3) | Q12: =IF($M12="","",$M12*4) | R12: =IF($M12="","",$M12*5) | S12: =IF($M12="","",$M12*6)
A13: USF | B13: South Florida | C13: 11 | D13: East | E13: 16.39 | F13: 0.8356 | G13: 15.8 | H13: -0.03716904 | I13: 0.23191764 | J13: 0.056911652 | K13: 0.080531471 | M13: =IF($L13="",6,IF($L13<=5,1,IF($L13<=10,2,IF($L13<=15,3,IF($L13<=20,4,IF($L13<=25,5,6)))))) | N13: =IF($M13="","",$M13) | O13: =IF($M13="","",$M13*2) | P13: =IF($M13="","",$M13*3) | Q13: =IF($M13="","",$M13*4) | R13: =IF($M13="","",$M13*5) | S13: =IF($M13="","",$M13*6)
A14: MSU | B14: Michigan State | C14: 3 | D14: East | E14: 28.31 | F14: 0.9438 | G14: 24.6 | H14: 0.94451023 | I14: 0.77891466 | J14: 0.86970241 | K14: 0.86784983 | L14: 8 | M14: =IF($L14="",6,IF($L14<=5,1,IF($L14<=10,2,IF($L14<=15,3,IF($L14<=20,4,IF($L14<=25,5,6)))))) | N14: =IF($M14="","",$M14) | O14: =IF($M14="","",$M14*2) | P14: =IF($M14="","",$M14*3) | Q14: =IF($M14="","",$M14*4) | R14: =IF($M14="","",$M14*5) | S14: =IF($M14="","",$M14*6)
A15: NDSU | B15: North Dakota State | C15: 14 | D15: East | E15: 5.13 | F15: 0.6391 | G15: 4.2 | H15: -0.96449359 | I15: -0.76147345 | J15: -1.0144943 | K15: -0.90593673 | M15: =IF($L15="",6,IF($L15<=5,1,IF($L15<=10,2,IF($L15<=15,3,IF($L15<=20,4,IF($L15<=25,5,6)))))) | N15: =IF($M15="","",$M15) | O15: =IF($M15="","",$M15*2) | P15: =IF($M15="","",$M15*3) | Q15: =IF($M15="","",$M15*4) | R15: =IF($M15="","",$M15*5) | S15: =IF($M15="","",$M15*6)
A16: UCLA | B16: UCLA | C16: 7 | D16: East | E16: 21.67 | F16: 0.9107 | G16: 20.3 | H16: 0.39766876 | I16: 0.61158008 | J16: 0.47254329 | K16: 0.49125636 | M16: =IF($L16="",6,IF($L16<=5,1,IF($L16<=10,2,IF($L16<=15,3,IF($L16<=20,4,IF($L16<=25,5,6)))))) | N16: =IF($M16="","",$M16) | O16: =IF($M16="","",$M16*2) | P16: =IF($M16="","",$M16*3) | Q16: =IF($M16="","",$M16*4) | R16: =IF($M16="","",$M16*5) | S16: =IF($M16="","",$M16*6)
A17: UCF | B17: UCF | C17: 10 | D17: East | E17: 15.04 | F17: 0.8116 | G17: 11.3 | H17: -0.14834916 | I17: 0.11058743 | J17: -0.35871999 | K17: -0.11031406 | M17: =IF($L17="",6,IF($L17<=5,1,IF($L17<=10,2,IF($L17<=15,3,IF($L17<=20,4,IF($L17<=25,5,6)))))) | N17: =IF($M17="","",$M17) | O17: =IF($M17="","",$M17*2) | P17: =IF($M17="","",$M17*3) | Q17: =IF($M17="","",$M17*4) | R17: =IF($M17="","",$M17*5) | S17: =IF($M17="","",$M17*6)
A18: CONN | B18: UConn | C18: 2 | D18: East | E18: 27.87 | F18: 0.9517 | G18: 29 | H18: 0.90827375 | I18: 0.81885252 | J18: 1.2760978 | K18: 0.96893233 | L18: 6 | M18: =IF($L18="",6,IF($L18<=5,1,IF($L18<=10,2,IF($L18<=15,3,IF($L18<=20,4,IF($L18<=25,5,6)))))) | N18: =IF($M18="","",$M18) | O18: =IF($M18="","",$M18*2) | P18: =IF($M18="","",$M18*3) | Q18: =IF($M18="","",$M18*4) | R18: =IF($M18="","",$M18*5) | S18: =IF($M18="","",$M18*6)
A19: FUR | B19: Furman | C19: 15 | D19: East | E19: -1.98 | F19: 0.4442 | G19: 0.9 | H19: -1.5500422 | I19: -1.7467759 | J19: -1.3192909 | K19: -1.5612112 | M19: =IF($L19="",6,IF($L19<=5,1,IF($L19<=10,2,IF($L19<=15,3,IF($L19<=20,4,IF($L19<=25,5,6)))))) | N19: =IF($M19="","",$M19) | O19: =IF($M19="","",$M19*2) | P19: =IF($M19="","",$M19*3) | Q19: =IF($M19="","",$M19*4) | R19: =IF($M19="","",$M19*5) | S19: =IF($M19="","",$M19*6)
A20: ARIZ | B20: Arizona | C20: 1 | D20: West | E20: 37.66 | F20: 0.9776 | G20: 32 | H20: 1.7145355 | I20: 0.94978804 | J20: 1.5531855 | K20: 1.4065364 | L20: 2 | M20: =IF($L20="",6,IF($L20<=5,1,IF($L20<=10,2,IF($L20<=15,3,IF($L20<=20,4,IF($L20<=25,5,6)))))) | N20: =IF($M20="","",$M20) | O20: =IF($M20="","",$M20*2) | P20: =IF($M20="","",$M20*3) | Q20: =IF($M20="","",$M20*4) | R20: =IF($M20="","",$M20*5) | S20: =IF($M20="","",$M20*6)
A21: LIU | B21: Long Island | C21: 16 | D21: West | E21: -3.95 | F21: 0.3404 | G21: -3.3 | H21: -1.7122828 | I21: -2.271529 | J21: -1.7072137 | K21: -1.9067517 | M21: =IF($L21="",6,IF($L21<=5,1,IF($L21<=10,2,IF($L21<=15,3,IF($L21<=20,4,IF($L21<=25,5,6)))))) | N21: =IF($M21="","",$M21) | O21: =IF($M21="","",$M21*2) | P21: =IF($M21="","",$M21*3) | Q21: =IF($M21="","",$M21*4) | R21: =IF($M21="","",$M21*5) | S21: =IF($M21="","",$M21*6)
A22: NOVA | B22: Villanova | C22: 8 | D22: West | E22: 19.97 | F22: 0.8803 | G22: 15 | H22: 0.25766416 | I22: 0.45789515 | J22: -0.016978417 | K22: 0.25908437 | M22: =IF($L22="",6,IF($L22<=5,1,IF($L22<=10,2,IF($L22<=15,3,IF($L22<=20,4,IF($L22<=25,5,6)))))) | N22: =IF($M22="","",$M22) | O22: =IF($M22="","",$M22*2) | P22: =IF($M22="","",$M22*3) | Q22: =IF($M22="","",$M22*4) | R22: =IF($M22="","",$M22*5) | S22: =IF($M22="","",$M22*6)
A23: USU | B23: Utah State | C23: 9 | D23: West | E23: 20.76 | F23: 0.8952 | G23: 17.6 | H23: 0.32272512 | I23: 0.53322099 | J23: 0.22316431 | K23: 0.37150847 | M23: =IF($L23="",6,IF($L23<=5,1,IF($L23<=10,2,IF($L23<=15,3,IF($L23<=20,4,IF($L23<=25,5,6)))))) | N23: =IF($M23="","",$M23) | O23: =IF($M23="","",$M23*2) | P23: =IF($M23="","",$M23*3) | Q23: =IF($M23="","",$M23*4) | R23: =IF($M23="","",$M23*5) | S23: =IF($M23="","",$M23*6)
A24: WIS | B24: Wisconsin | C24: 5 | D24: West | E24: 23.39 | F24: 0.9294 | G24: 21.7 | H24: 0.53932047 | I24: 0.70611654 | J24: 0.60185091 | K24: 0.6133317 | L24: 23 | M24: =IF($L24="",6,IF($L24<=5,1,IF($L24<=10,2,IF($L24<=15,3,IF($L24<=20,4,IF($L24<=25,5,6)))))) | N24: =IF($M24="","",$M24) | O24: =IF($M24="","",$M24*2) | P24: =IF($M24="","",$M24*3) | Q24: =IF($M24="","",$M24*4) | R24: =IF($M24="","",$M24*5) | S24: =IF($M24="","",$M24*6)
A25: HPU | B25: High Point | C25: 12 | D25: West | E25: 8.4 | F25: 0.6993 | G25: 8.6 | H25: -0.69519063 | I25: -0.45713684 | J25: -0.60809897 | K25: -0.59009889 | M25: =IF($L25="",6,IF($L25<=5,1,IF($L25<=10,2,IF($L25<=15,3,IF($L25<=20,4,IF($L25<=25,5,6)))))) | N25: =IF($M25="","",$M25) | O25: =IF($M25="","",$M25*2) | P25: =IF($M25="","",$M25*3) | Q25: =IF($M25="","",$M25*4) | R25: =IF($M25="","",$M25*5) | S25: =IF($M25="","",$M25*6)
A26: ARK | B26: Arkansas | C26: 4 | D26: West | E26: 26.05 | F26: 0.9337 | G26: 23.8 | H26: 0.75838648 | I26: 0.72785487 | J26: 0.79581234 | K26: 0.75705688 | L26: 17 | M26: =IF($L26="",6,IF($L26<=5,1,IF($L26<=10,2,IF($L26<=15,3,IF($L26<=20,4,IF($L26<=25,5,6)))))) | N26: =IF($M26="","",$M26) | O26: =IF($M26="","",$M26*2) | P26: =IF($M26="","",$M26*3) | Q26: =IF($M26="","",$M26*4) | R26: =IF($M26="","",$M26*5) | S26: =IF($M26="","",$M26*6)
A27: HAW | B27: Hawaiʻi | C27: 13 | D27: West | E27: 5.97 | F27: 0.6352 | G27: 3.3 | H27: -0.89531485 | I27: -0.78118961 | J27: -1.0976207 | K27: -0.90594747 | M27: =IF($L27="",6,IF($L27<=5,1,IF($L27<=10,2,IF($L27<=15,3,IF($L27<=20,4,IF($L27<=25,5,6)))))) | N27: =IF($M27="","",$M27) | O27: =IF($M27="","",$M27*2) | P27: =IF($M27="","",$M27*3) | Q27: =IF($M27="","",$M27*4) | R27: =IF($M27="","",$M27*5) | S27: =IF($M27="","",$M27*6)
A28: BYU | B28: BYU | C28: 6 | D28: West | E28: 23.25 | F28: 0.8866 | G28: 16.5 | H28: 0.52779068 | I28: 0.48974433 | J28: 0.12156546 | K28: 0.41291815 | M28: =IF($L28="",6,IF($L28<=5,1,IF($L28<=10,2,IF($L28<=15,3,IF($L28<=20,4,IF($L28<=25,5,6)))))) | N28: =IF($M28="","",$M28) | O28: =IF($M28="","",$M28*2) | P28: =IF($M28="","",$M28*3) | Q28: =IF($M28="","",$M28*4) | R28: =IF($M28="","",$M28*5) | S28: =IF($M28="","",$M28*6)
A29: SMU | B29: SMU | C29: 11 | D29: West | E29: 18.09 | F29: 0.8608 | G29: 16.6 | H29: 0.10283555 | I29: 0.35931436 | J29: 0.13080172 | K29: 0.19959468 | M29: =IF($L29="",6,IF($L29<=5,1,IF($L29<=10,2,IF($L29<=15,3,IF($L29<=20,4,IF($L29<=25,5,6)))))) | N29: =IF($M29="","",$M29) | O29: =IF($M29="","",$M29*2) | P29: =IF($M29="","",$M29*3) | Q29: =IF($M29="","",$M29*4) | R29: =IF($M29="","",$M29*5) | S29: =IF($M29="","",$M29*6)
A30: MIAOH | B30: Miami (OH) | C30: 11 | D30: West | E30: 8.26 | F30: 0.7175 | G30: 8.1 | H30: -0.70672042 | I30: -0.3651281 | J30: -0.65428026 | K30: -0.57405307 | L30: 20 | M30: =IF($L30="",6,IF($L30<=5,1,IF($L30<=10,2,IF($L30<=15,3,IF($L30<=20,4,IF($L30<=25,5,6)))))) | N30: =IF($M30="","",$M30) | O30: =IF($M30="","",$M30*2) | P30: =IF($M30="","",$M30*3) | Q30: =IF($M30="","",$M30*4) | R30: =IF($M30="","",$M30*5) | S30: =IF($M30="","",$M30*6)
A31: GONZ | B31: Gonzaga | C31: 3 | D31: West | E31: 28.1 | F31: 0.9446 | G31: 27.7 | H31: 0.92721555 | I31: 0.782959 | J31: 1.1560264 | K31: 0.93392848 | L31: 12 | M31: =IF($L31="",6,IF($L31<=5,1,IF($L31<=10,2,IF($L31<=15,3,IF($L31<=20,4,IF($L31<=25,5,6)))))) | N31: =IF($M31="","",$M31) | O31: =IF($M31="","",$M31*2) | P31: =IF($M31="","",$M31*3) | Q31: =IF($M31="","",$M31*4) | R31: =IF($M31="","",$M31*5) | S31: =IF($M31="","",$M31*6)
A32: KENN | B32: Kennesaw State | C32: 14 | D32: West | E32: 0.57 | F32: 0.5338 | G32: 1 | H32: -1.3400353 | I32: -1.2938097 | J32: -1.3100546 | K32: -1.3163612 | M32: =IF($L32="",6,IF($L32<=5,1,IF($L32<=10,2,IF($L32<=15,3,IF($L32<=20,4,IF($L32<=25,5,6)))))) | N32: =IF($M32="","",$M32) | O32: =IF($M32="","",$M32*2) | P32: =IF($M32="","",$M32*3) | Q32: =IF($M32="","",$M32*4) | R32: =IF($M32="","",$M32*5) | S32: =IF($M32="","",$M32*6)
A33: MIA | B33: Miami (FL) | C33: 7 | D33: West | E33: 20.68 | F33: 0.8844 | G33: 18.6 | H33: 0.31613667 | I33: 0.4786224 | J33: 0.31552689 | K33: 0.37285423 | M33: =IF($L33="",6,IF($L33<=5,1,IF($L33<=10,2,IF($L33<=15,3,IF($L33<=20,4,IF($L33<=25,5,6)))))) | N33: =IF($M33="","",$M33) | O33: =IF($M33="","",$M33*2) | P33: =IF($M33="","",$M33*3) | Q33: =IF($M33="","",$M33*4) | R33: =IF($M33="","",$M33*5) | S33: =IF($M33="","",$M33*6)
A34: MIZZ | B34: Missouri | C34: 10 | D34: West | E34: 15.39 | F34: 0.8515 | G34: 14.4 | H34: -0.11952468 | I34: 0.3122989 | J34: -0.072395968 | K34: 0.04339575 | M34: =IF($L34="",6,IF($L34<=5,1,IF($L34<=10,2,IF($L34<=15,3,IF($L34<=20,4,IF($L34<=25,5,6)))))) | N34: =IF($M34="","",$M34) | O34: =IF($M34="","",$M34*2) | P34: =IF($M34="","",$M34*3) | Q34: =IF($M34="","",$M34*4) | R34: =IF($M34="","",$M34*5) | S34: =IF($M34="","",$M34*6)
A35: PUR | B35: Purdue | C35: 2 | D35: West | E35: 31.2 | F35: 0.9636 | G35: 30.3 | H35: 1.182518 | I35: 0.87901209 | J35: 1.3961692 | K35: 1.1297037 | L35: 18 | M35: =IF($L35="",6,IF($L35<=5,1,IF($L35<=10,2,IF($L35<=15,3,IF($L35<=20,4,IF($L35<=25,5,6)))))) | N35: =IF($M35="","",$M35) | O35: =IF($M35="","",$M35*2) | P35: =IF($M35="","",$M35*3) | Q35: =IF($M35="","",$M35*4) | R35: =IF($M35="","",$M35*5) | S35: =IF($M35="","",$M35*6)
A36: QUE | B36: Queens | C36: 15 | D36: West | E36: -1.44 | F36: 0.4399 | G36: -2.1 | H36: -1.5055702 | I36: -1.7685142 | J36: -1.5963786 | K36: -1.6203027 | M36: =IF($L36="",6,IF($L36<=5,1,IF($L36<=10,2,IF($L36<=15,3,IF($L36<=20,4,IF($L36<=25,5,6)))))) | N36: =IF($M36="","",$M36) | O36: =IF($M36="","",$M36*2) | P36: =IF($M36="","",$M36*3) | Q36: =IF($M36="","",$M36*4) | R36: =IF($M36="","",$M36*5) | S36: =IF($M36="","",$M36*6)
A37: UF | B37: Florida | C37: 1 | D37: South | E37: 33.79 | F37: 0.9732 | G37: 31.4 | H37: 1.3958192 | I37: 0.92754417 | J37: 1.497768 | K37: 1.2574101 | L37: 4 | M37: =IF($L37="",6,IF($L37<=5,1,IF($L37<=10,2,IF($L37<=15,3,IF($L37<=20,4,IF($L37<=25,5,6)))))) | N37: =IF($M37="","",$M37) | O37: =IF($M37="","",$M37*2) | P37: =IF($M37="","",$M37*3) | Q37: =IF($M37="","",$M37*4) | R37: =IF($M37="","",$M37*5) | S37: =IF($M37="","",$M37*6)
A38: HOW | B38: Howard | C38: 16 | D38: South | E38: -3.19 | F38: 0.4251 | G38: -1.1 | H38: -1.6496925 | I38: -1.8433345 | J38: -1.5040161 | K38: -1.6810481 | M38: =IF($L38="",6,IF($L38<=5,1,IF($L38<=10,2,IF($L38<=15,3,IF($L38<=20,4,IF($L38<=25,5,6)))))) | N38: =IF($M38="","",$M38) | O38: =IF($M38="","",$M38*2) | P38: =IF($M38="","",$M38*3) | Q38: =IF($M38="","",$M38*4) | R38: =IF($M38="","",$M38*5) | S38: =IF($M38="","",$M38*6)
A39: UMBC | B39: UMBC | C39: 16 | D39: South | E39: -1.67 | F39: 0.4563 | G39: -0.1 | H39: -1.524512 | I39: -1.6856052 | J39: -1.4116535 | K39: -1.55268 | M39: =IF($L39="",6,IF($L39<=5,1,IF($L39<=10,2,IF($L39<=15,3,IF($L39<=20,4,IF($L39<=25,5,6)))))) | N39: =IF($M39="","",$M39) | O39: =IF($M39="","",$M39*2) | P39: =IF($M39="","",$M39*3) | Q39: =IF($M39="","",$M39*4) | R39: =IF($M39="","",$M39*5) | S39: =IF($M39="","",$M39*6)
A40: CLEM | B40: Clemson | C40: 8 | D40: South | E40: 19.24 | F40: 0.8921 | G40: 16.6 | H40: 0.19754454 | I40: 0.51754917 | J40: 0.13080172 | K40: 0.29286046 | M40: =IF($L40="",6,IF($L40<=5,1,IF($L40<=10,2,IF($L40<=15,3,IF($L40<=20,4,IF($L40<=25,5,6)))))) | N40: =IF($M40="","",$M40) | O40: =IF($M40="","",$M40*2) | P40: =IF($M40="","",$M40*3) | Q40: =IF($M40="","",$M40*4) | R40: =IF($M40="","",$M40*5) | S40: =IF($M40="","",$M40*6)
A41: IOWA | B41: Iowa | C41: 9 | D41: South | E41: 22.44 | F41: 0.9068 | G41: 20.1 | H41: 0.4610826 | I41: 0.59186393 | J41: 0.45407077 | K41: 0.50510311 | M41: =IF($L41="",6,IF($L41<=5,1,IF($L41<=10,2,IF($L41<=15,3,IF($L41<=20,4,IF($L41<=25,5,6)))))) | N41: =IF($M41="","",$M41) | O41: =IF($M41="","",$M41*2) | P41: =IF($M41="","",$M41*3) | Q41: =IF($M41="","",$M41*4) | R41: =IF($M41="","",$M41*5) | S41: =IF($M41="","",$M41*6)
A42: VAND | B42: Vanderbilt | C42: 5 | D42: South | E42: 27.51 | F42: 0.9461 | G42: 24 | H42: 0.87862572 | I42: 0.79054214 | J42: 0.81428486 | K42: 0.83171125 | L42: 22 | M42: =IF($L42="",6,IF($L42<=5,1,IF($L42<=10,2,IF($L42<=15,3,IF($L42<=20,4,IF($L42<=25,5,6)))))) | N42: =IF($M42="","",$M42) | O42: =IF($M42="","",$M42*2) | P42: =IF($M42="","",$M42*3) | Q42: =IF($M42="","",$M42*4) | R42: =IF($M42="","",$M42*5) | S42: =IF($M42="","",$M42*6)
A43: MCN | B43: McNeese | C43: 12 | D43: South | E43: 12.48 | F43: 0.7648 | G43: 10.7 | H43: -0.35917961 | I43: -0.12600648 | J43: -0.41413754 | K43: -0.29130849 | M43: =IF($L43="",6,IF($L43<=5,1,IF($L43<=10,2,IF($L43<=15,3,IF($L43<=20,4,IF($L43<=25,5,6)))))) | N43: =IF($M43="","",$M43) | O43: =IF($M43="","",$M43*2) | P43: =IF($M43="","",$M43*3) | Q43: =IF($M43="","",$M43*4) | R43: =IF($M43="","",$M43*5) | S43: =IF($M43="","",$M43*6)
A44: NEB | B44: Nebraska | C44: 4 | D44: South | E44: 26.16 | F44: 0.9308 | G44: 22.3 | H44: 0.7674456 | I44: 0.71319413 | J44: 0.65726846 | K44: 0.7209133 | L44: 11 | M44: =IF($L44="",6,IF($L44<=5,1,IF($L44<=10,2,IF($L44<=15,3,IF($L44<=20,4,IF($L44<=25,5,6)))))) | N44: =IF($M44="","",$M44) | O44: =IF($M44="","",$M44*2) | P44: =IF($M44="","",$M44*3) | Q44: =IF($M44="","",$M44*4) | R44: =IF($M44="","",$M44*5) | S44: =IF($M44="","",$M44*6)
A45: TROY | B45: Troy | C45: 13 | D45: South | E45: 1.72 | F45: 0.5435 | G45: 4.5 | H45: -1.2453263 | I45: -1.2447721 | J45: -0.98678557 | K45: -1.1804972 | M45: =IF($L45="",6,IF($L45<=5,1,IF($L45<=10,2,IF($L45<=15,3,IF($L45<=20,4,IF($L45<=25,5,6)))))) | N45: =IF($M45="","",$M45) | O45: =IF($M45="","",$M45*2) | P45: =IF($M45="","",$M45*3) | Q45: =IF($M45="","",$M45*4) | R45: =IF($M45="","",$M45*5) | S45: =IF($M45="","",$M45*6)
A46: UNC | B46: North Carolina | C46: 6 | D46: South | E46: 20.84 | F46: 0.903 | G46: 14.7 | H46: 0.32931357 | I46: 0.57265331 | J46: -0.044687192 | K46: 0.32098229 | L46: 19 | M46: =IF($L46="",6,IF($L46<=5,1,IF($L46<=10,2,IF($L46<=15,3,IF($L46<=20,4,IF($L46<=25,5,6)))))) | N46: =IF($M46="","",$M46) | O46: =IF($M46="","",$M46*2) | P46: =IF($M46="","",$M46*3) | Q46: =IF($M46="","",$M46*4) | R46: =IF($M46="","",$M46*5) | S46: =IF($M46="","",$M46*6)
A47: VCU | B47: VCU | C47: 11 | D47: South | E47: 17.21 | F47: 0.8433 | G47: 16.1 | H47: 0.030362588 | I47: 0.27084441 | J47: 0.084620428 | K47: 0.12809569 | M47: =IF($L47="",6,IF($L47<=5,1,IF($L47<=10,2,IF($L47<=15,3,IF($L47<=20,4,IF($L47<=25,5,6)))))) | N47: =IF($M47="","",$M47) | O47: =IF($M47="","",$M47*2) | P47: =IF($M47="","",$M47*3) | Q47: =IF($M47="","",$M47*4) | R47: =IF($M47="","",$M47*5) | S47: =IF($M47="","",$M47*6)
A48: ILL | B48: Illinois | C48: 3 | D48: South | E48: 32.1 | F48: 0.9676 | G48: 28.9 | H48: 1.2566381 | I48: 0.89923379 | J48: 1.2668615 | K48: 1.1341025 | L48: 9 | M48: =IF($L48="",6,IF($L48<=5,1,IF($L48<=10,2,IF($L48<=15,3,IF($L48<=20,4,IF($L48<=25,5,6)))))) | N48: =IF($M48="","",$M48) | O48: =IF($M48="","",$M48*2) | P48: =IF($M48="","",$M48*3) | Q48: =IF($M48="","",$M48*4) | R48: =IF($M48="","",$M48*5) | S48: =IF($M48="","",$M48*6)
A49: PENN | B49: Penn | C49: 14 | D49: South | E49: 1.47 | F49: 0.5316 | G49: 0.9 | H49: -1.2659152 | I49: -1.3049317 | J49: -1.3192909 | K49: -1.2929149 | M49: =IF($L49="",6,IF($L49<=5,1,IF($L49<=10,2,IF($L49<=15,3,IF($L49<=20,4,IF($L49<=25,5,6)))))) | N49: =IF($M49="","",$M49) | O49: =IF($M49="","",$M49*2) | P49: =IF($M49="","",$M49*3) | Q49: =IF($M49="","",$M49*4) | R49: =IF($M49="","",$M49*5) | S49: =IF($M49="","",$M49*6)
A50: SMC | B50: Saint Mary's | C50: 7 | D50: South | E50: 23.07 | F50: 0.9106 | G50: 20.4 | H50: 0.51296666 | I50: 0.61107454 | J50: 0.48177955 | K50: 0.53950764 | L50: 21 | M50: =IF($L50="",6,IF($L50<=5,1,IF($L50<=10,2,IF($L50<=15,3,IF($L50<=20,4,IF($L50<=25,5,6)))))) | N50: =IF($M50="","",$M50) | O50: =IF($M50="","",$M50*2) | P50: =IF($M50="","",$M50*3) | Q50: =IF($M50="","",$M50*4) | R50: =IF($M50="","",$M50*5) | S50: =IF($M50="","",$M50*6)
A51: TAMU | B51: Texas A&M | C51: 10 | D51: South | E51: 18.67 | F51: 0.8721 | G51: 16.4 | H51: 0.15060183 | I51: 0.41644067 | J51: 0.1123292 | K51: 0.23407726 | M51: =IF($L51="",6,IF($L51<=5,1,IF($L51<=10,2,IF($L51<=15,3,IF($L51<=20,4,IF($L51<=25,5,6)))))) | N51: =IF($M51="","",$M51) | O51: =IF($M51="","",$M51*2) | P51: =IF($M51="","",$M51*3) | Q51: =IF($M51="","",$M51*4) | R51: =IF($M51="","",$M51*5) | S51: =IF($M51="","",$M51*6)
A52: HOU | B52: Houston | C52: 2 | D52: South | E52: 33.43 | F52: 0.9709 | G52: 31 | H52: 1.3661711 | I52: 0.91591669 | J52: 1.460823 | K52: 1.232245 | L52: 5 | M52: =IF($L52="",6,IF($L52<=5,1,IF($L52<=10,2,IF($L52<=15,3,IF($L52<=20,4,IF($L52<=25,5,6)))))) | N52: =IF($M52="","",$M52) | O52: =IF($M52="","",$M52*2) | P52: =IF($M52="","",$M52*3) | Q52: =IF($M52="","",$M52*4) | R52: =IF($M52="","",$M52*5) | S52: =IF($M52="","",$M52*6)
A53: IDHO | B53: Idaho | C53: 15 | D53: South | E53: 1.53 | F53: 0.5705 | G53: 0.1 | H53: -1.2609739 | I53: -1.1082756 | J53: -1.393181 | K53: -1.2405813 | M53: =IF($L53="",6,IF($L53<=5,1,IF($L53<=10,2,IF($L53<=15,3,IF($L53<=20,4,IF($L53<=25,5,6)))))) | N53: =IF($M53="","",$M53) | O53: =IF($M53="","",$M53*2) | P53: =IF($M53="","",$M53*3) | Q53: =IF($M53="","",$M53*4) | R53: =IF($M53="","",$M53*5) | S53: =IF($M53="","",$M53*6)
A54: MICH | B54: Michigan | C54: 1 | D54: Midwest | E54: 37.59 | F54: 0.9799 | G54: 34.5 | H54: 1.7087706 | I54: 0.96141552 | J54: 1.784092 | K54: 1.4660267 | L54: 3 | M54: =IF($L54="",6,IF($L54<=5,1,IF($L54<=10,2,IF($L54<=15,3,IF($L54<=20,4,IF($L54<=25,5,6)))))) | N54: =IF($M54="","",$M54) | O54: =IF($M54="","",$M54*2) | P54: =IF($M54="","",$M54*3) | Q54: =IF($M54="","",$M54*4) | R54: =IF($M54="","",$M54*5) | S54: =IF($M54="","",$M54*6)
A55: LEH | B55: Lehigh | C55: 16 | D55: Midwest | E55: -10.37 | F55: 0.2517 | G55: -8.5 | H55: -2.2410061 | I55: -2.7199452 | J55: -2.1874992 | K55: -2.3952581 | M55: =IF($L55="",6,IF($L55<=5,1,IF($L55<=10,2,IF($L55<=15,3,IF($L55<=20,4,IF($L55<=25,5,6)))))) | N55: =IF($M55="","",$M55) | O55: =IF($M55="","",$M55*2) | P55: =IF($M55="","",$M55*3) | Q55: =IF($M55="","",$M55*4) | R55: =IF($M55="","",$M55*5) | S55: =IF($M55="","",$M55*6)
A56: PVAM | B56: Prairie View A&M | C56: 16 | D56: Midwest | E56: -10.69 | F56: 0.2551 | G56: -9.8 | H56: -2.2673599 | I56: -2.7027568 | J56: -2.3075706 | K56: -2.4298015 | M56: =IF($L56="",6,IF($L56<=5,1,IF($L56<=10,2,IF($L56<=15,3,IF($L56<=20,4,IF($L56<=25,5,6)))))) | N56: =IF($M56="","",$M56) | O56: =IF($M56="","",$M56*2) | P56: =IF($M56="","",$M56*3) | Q56: =IF($M56="","",$M56*4) | R56: =IF($M56="","",$M56*5) | S56: =IF($M56="","",$M56*6)
A57: UGA | B57: Georgia | C57: 8 | D57: Midwest | E57: 20.48 | F57: 0.8777 | G57: 18.2 | H57: 0.29966554 | I57: 0.44475105 | J57: 0.27858186 | K57: 0.34517455 | M57: =IF($L57="",6,IF($L57<=5,1,IF($L57<=10,2,IF($L57<=15,3,IF($L57<=20,4,IF($L57<=25,5,6)))))) | N57: =IF($M57="","",$M57) | O57: =IF($M57="","",$M57*2) | P57: =IF($M57="","",$M57*3) | Q57: =IF($M57="","",$M57*4) | R57: =IF($M57="","",$M57*5) | S57: =IF($M57="","",$M57*6)
A58: SLU | B58: Saint Louis | C58: 9 | D58: Midwest | E58: 18.32 | F58: 0.8573 | G58: 17.7 | H58: 0.12177735 | I58: 0.34162037 | J58: 0.23240057 | K58: 0.22637821 | M58: =IF($L58="",6,IF($L58<=5,1,IF($L58<=10,2,IF($L58<=15,3,IF($L58<=20,4,IF($L58<=25,5,6)))))) | N58: =IF($M58="","",$M58) | O58: =IF($M58="","",$M58*2) | P58: =IF($M58="","",$M58*3) | Q58: =IF($M58="","",$M58*4) | R58: =IF($M58="","",$M58*5) | S58: =IF($M58="","",$M58*6)
A59: TTU | B59: Texas Tech | C59: 5 | D59: Midwest | E59: 25.22 | F59: 0.9439 | G59: 18.3 | H59: 0.69003129 | I59: 0.77942021 | J59: 0.28781812 | K59: 0.62076412 | L59: 16 | M59: =IF($L59="",6,IF($L59<=5,1,IF($L59<=10,2,IF($L59<=15,3,IF($L59<=20,4,IF($L59<=25,5,6)))))) | N59: =IF($M59="","",$M59) | O59: =IF($M59="","",$M59*2) | P59: =IF($M59="","",$M59*3) | Q59: =IF($M59="","",$M59*4) | R59: =IF($M59="","",$M59*5) | S59: =IF($M59="","",$M59*6)
A60: AKRN | B60: Akron | C60: 12 | D60: Midwest | E60: 12.8 | F60: 0.7725 | G60: 11.2 | H60: -0.3328258 | I60: -0.087079702 | J60: -0.36795624 | K60: -0.25559728 | M60: =IF($L60="",6,IF($L60<=5,1,IF($L60<=10,2,IF($L60<=15,3,IF($L60<=20,4,IF($L60<=25,5,6)))))) | N60: =IF($M60="","",$M60) | O60: =IF($M60="","",$M60*2) | P60: =IF($M60="","",$M60*3) | Q60: =IF($M60="","",$M60*4) | R60: =IF($M60="","",$M60*5) | S60: =IF($M60="","",$M60*6)
A61: BAMA | B61: Alabama | C61: 4 | D61: Midwest | E61: 25.72 | F61: 0.9344 | G61: 23.2 | H61: 0.73120912 | I61: 0.73139367 | J61: 0.74039479 | K61: 0.73357013 | L61: 15 | M61: =IF($L61="",6,IF($L61<=5,1,IF($L61<=10,2,IF($L61<=15,3,IF($L61<=20,4,IF($L61<=25,5,6)))))) | N61: =IF($M61="","",$M61) | O61: =IF($M61="","",$M61*2) | P61: =IF($M61="","",$M61*3) | Q61: =IF($M61="","",$M61*4) | R61: =IF($M61="","",$M61*5) | S61: =IF($M61="","",$M61*6)
A62: HOF | B62: Hofstra | C62: 13 | D62: Midwest | E62: 9.49 | F62: 0.7054 | G62: 10 | H62: -0.60542298 | I62: -0.42629874 | J62: -0.47879135 | K62: -0.51107159 | M62: =IF($L62="",6,IF($L62<=5,1,IF($L62<=10,2,IF($L62<=15,3,IF($L62<=20,4,IF($L62<=25,5,6)))))) | N62: =IF($M62="","",$M62) | O62: =IF($M62="","",$M62*2) | P62: =IF($M62="","",$M62*3) | Q62: =IF($M62="","",$M62*4) | R62: =IF($M62="","",$M62*5) | S62: =IF($M62="","",$M62*6)
A63: TENN | B63: Tennessee | C63: 6 | D63: Midwest | E63: 26.02 | F63: 0.9408 | G63: 23.5 | H63: 0.75591581 | I63: 0.76374839 | J63: 0.76810357 | K63: 0.76170415 | L63: 25 | M63: =IF($L63="",6,IF($L63<=5,1,IF($L63<=10,2,IF($L63<=15,3,IF($L63<=20,4,IF($L63<=25,5,6)))))) | N63: =IF($M63="","",$M63) | O63: =IF($M63="","",$M63*2) | P63: =IF($M63="","",$M63*3) | Q63: =IF($M63="","",$M63*4) | R63: =IF($M63="","",$M63*5) | S63: =IF($M63="","",$M63*6)
A64: NCSU | B64: NC State | C64: 11 | D64: Midwest | E64: 19.6 | F64: 0.8761 | G64: 16.5 | H64: 0.22719258 | I64: 0.43666237 | J64: 0.12156546 | K64: 0.27410022 | M64: =IF($L64="",6,IF($L64<=5,1,IF($L64<=10,2,IF($L64<=15,3,IF($L64<=20,4,IF($L64<=25,5,6)))))) | N64: =IF($M64="","",$M64) | O64: =IF($M64="","",$M64*2) | P64: =IF($M64="","",$M64*3) | Q64: =IF($M64="","",$M64*4) | R64: =IF($M64="","",$M64*5) | S64: =IF($M64="","",$M64*6)
A65: TEX | B65: Texas | C65: 11 | D65: Midwest | E65: 19.03 | F65: 0.8536 | G65: 17.1 | H65: 0.18024986 | I65: 0.3229153 | J65: 0.17698301 | K65: 0.22936605 | M65: =IF($L65="",6,IF($L65<=5,1,IF($L65<=10,2,IF($L65<=15,3,IF($L65<=20,4,IF($L65<=25,5,6)))))) | N65: =IF($M65="","",$M65) | O65: =IF($M65="","",$M65*2) | P65: =IF($M65="","",$M65*3) | Q65: =IF($M65="","",$M65*4) | R65: =IF($M65="","",$M65*5) | S65: =IF($M65="","",$M65*6)
A66: UVA | B66: Virginia | C66: 3 | D66: Midwest | E66: 26.71 | F66: 0.9427 | G66: 24.1 | H66: 0.8127412 | I66: 0.7733537 | J66: 0.82352112 | K66: 0.80165055 | L66: 10 | M66: =IF($L66="",6,IF($L66<=5,1,IF($L66<=10,2,IF($L66<=15,3,IF($L66<=20,4,IF($L66<=25,5,6)))))) | N66: =IF($M66="","",$M66) | O66: =IF($M66="","",$M66*2) | P66: =IF($M66="","",$M66*3) | Q66: =IF($M66="","",$M66*4) | R66: =IF($M66="","",$M66*5) | S66: =IF($M66="","",$M66*6)
A67: WRST | B67: Wright State | C67: 14 | D67: Midwest | E67: 2.04 | F67: 0.5859 | G67: 1.3 | H67: -1.2189725 | I67: -1.0304221 | J67: -1.2823458 | K67: -1.1688232 | M67: =IF($L67="",6,IF($L67<=5,1,IF($L67<=10,2,IF($L67<=15,3,IF($L67<=20,4,IF($L67<=25,5,6)))))) | N67: =IF($M67="","",$M67) | O67: =IF($M67="","",$M67*2) | P67: =IF($M67="","",$M67*3) | Q67: =IF($M67="","",$M67*4) | R67: =IF($M67="","",$M67*5) | S67: =IF($M67="","",$M67*6)
A68: UK | B68: Kentucky | C68: 7 | D68: Midwest | E68: 21.48 | F68: 0.89 | G68: 20.2 | H68: 0.38202119 | I68: 0.50693278 | J68: 0.46330703 | K68: 0.44606171 | M68: =IF($L68="",6,IF($L68<=5,1,IF($L68<=10,2,IF($L68<=15,3,IF($L68<=20,4,IF($L68<=25,5,6)))))) | N68: =IF($M68="","",$M68) | O68: =IF($M68="","",$M68*2) | P68: =IF($M68="","",$M68*3) | Q68: =IF($M68="","",$M68*4) | R68: =IF($M68="","",$M68*5) | S68: =IF($M68="","",$M68*6)
A69: SCU | B69: Santa Clara | C69: 10 | D69: Midwest | E69: 19.4 | F69: 0.895 | G69: 16.9 | H69: 0.21072145 | I69: 0.53220991 | J69: 0.1585105 | K69: 0.31018967 | M69: =IF($L69="",6,IF($L69<=5,1,IF($L69<=10,2,IF($L69<=15,3,IF($L69<=20,4,IF($L69<=25,5,6)))))) | N69: =IF($M69="","",$M69) | O69: =IF($M69="","",$M69*2) | P69: =IF($M69="","",$M69*3) | Q69: =IF($M69="","",$M69*4) | R69: =IF($M69="","",$M69*5) | S69: =IF($M69="","",$M69*6)
A70: ISU | B70: Iowa State | C70: 2 | D70: Midwest | E70: 32.42 | F70: 0.9655 | G70: 29.5 | H70: 1.2829919 | I70: 0.8886174 | J70: 1.3222791 | K70: 1.1547826 | L70: 7 | M70: =IF($L70="",6,IF($L70<=5,1,IF($L70<=10,2,IF($L70<=15,3,IF($L70<=20,4,IF($L70<=25,5,6)))))) | N70: =IF($M70="","",$M70) | O70: =IF($M70="","",$M70*2) | P70: =IF($M70="","",$M70*3) | Q70: =IF($M70="","",$M70*4) | R70: =IF($M70="","",$M70*5) | S70: =IF($M70="","",$M70*6)
A71: TNST | B71: Tennessee State | C71: 15 | D71: Midwest | E71: -1.83 | F71: 0.3951 | G71: 0.4 | H71: -1.5376889 | I71: -1.9949972 | J71: -1.3654722 | K71: -1.6546926 | M71: =IF($L71="",6,IF($L71<=5,1,IF($L71<=10,2,IF($L71<=15,3,IF($L71<=20,4,IF($L71<=25,5,6)))))) | N71: =IF($M71="","",$M71) | O71: =IF($M71="","",$M71*2) | P71: =IF($M71="","",$M71*3) | Q71: =IF($M71="","",$M71*4) | R71: =IF($M71="","",$M71*5) | S71: =IF($M71="","",$M71*6)
A72: FF_W_11 | B72: SMU/Miami (OH) Winner | C72: 11 | D72: West
A73: FF_S_16 | B73: Howard/UMBC Winner | C73: 16 | D73: South
A74: FF_M_11 | B74: NC State/Texas Winner | C74: 11 | D74: Midwest
A75: FF_M_16 | B75: Lehigh/Prairie View A&M Winner | C75: 16 | D75: Midwest

Sheet first_round_matchups
A1: game_id | B1: round_num | C1: region | D1: slot | E1: team1_id | F1: team2_id | G1: team1_name | H1: team1_seed | I1: team2_name | J1: team2_seed
A2: R64_E_01 | B2: 64 | C2: East | D2: 1 | E2: DUKE | F2: SIENA | G2: =IF($E2="","",VLOOKUP($E2,teams!$A$4:$K$75,2,FALSE)) | H2: =IF($E2="","",VLOOKUP($E2,teams!$A$4:$K$75,3,FALSE)) | I2: =IF($F2="","",VLOOKUP($F2,teams!$A$4:$K$75,2,FALSE)) | J2: =IF($F2="","",VLOOKUP($F2,teams!$A$4:$K$75,3,FALSE))
A3: R64_E_02 | B3: 64 | C3: East | D3: 2 | E3: OHST | F3: TCU | G3: =IF($E3="","",VLOOKUP($E3,teams!$A$4:$K$75,2,FALSE)) | H3: =IF($E3="","",VLOOKUP($E3,teams!$A$4:$K$75,3,FALSE)) | I3: =IF($F3="","",VLOOKUP($F3,teams!$A$4:$K$75,2,FALSE)) | J3: =IF($F3="","",VLOOKUP($F3,teams!$A$4:$K$75,3,FALSE))
A4: R64_E_03 | B4: 64 | C4: East | D4: 3 | E4: SJU | F4: UNI | G4: =IF($E4="","",VLOOKUP($E4,teams!$A$4:$K$75,2,FALSE)) | H4: =IF($E4="","",VLOOKUP($E4,teams!$A$4:$K$75,3,FALSE)) | I4: =IF($F4="","",VLOOKUP($F4,teams!$A$4:$K$75,2,FALSE)) | J4: =IF($F4="","",VLOOKUP($F4,teams!$A$4:$K$75,3,FALSE))
A5: R64_E_04 | B5: 64 | C5: East | D5: 4 | E5: KU | F5: CBU | G5: =IF($E5="","",VLOOKUP($E5,teams!$A$4:$K$75,2,FALSE)) | H5: =IF($E5="","",VLOOKUP($E5,teams!$A$4:$K$75,3,FALSE)) | I5: =IF($F5="","",VLOOKUP($F5,teams!$A$4:$K$75,2,FALSE)) | J5: =IF($F5="","",VLOOKUP($F5,teams!$A$4:$K$75,3,FALSE))
A6: R64_E_05 | B6: 64 | C6: East | D6: 5 | E6: LOU | F6: USF | G6: =IF($E6="","",VLOOKUP($E6,teams!$A$4:$K$75,2,FALSE)) | H6: =IF($E6="","",VLOOKUP($E6,teams!$A$4:$K$75,3,FALSE)) | I6: =IF($F6="","",VLOOKUP($F6,teams!$A$4:$K$75,2,FALSE)) | J6: =IF($F6="","",VLOOKUP($F6,teams!$A$4:$K$75,3,FALSE))
A7: R64_E_06 | B7: 64 | C7: East | D7: 6 | E7: MSU | F7: NDSU | G7: =IF($E7="","",VLOOKUP($E7,teams!$A$4:$K$75,2,FALSE)) | H7: =IF($E7="","",VLOOKUP($E7,teams!$A$4:$K$75,3,FALSE)) | I7: =IF($F7="","",VLOOKUP($F7,teams!$A$4:$K$75,2,FALSE)) | J7: =IF($F7="","",VLOOKUP($F7,teams!$A$4:$K$75,3,FALSE))
A8: R64_E_07 | B8: 64 | C8: East | D8: 7 | E8: UCLA | F8: UCF | G8: =IF($E8="","",VLOOKUP($E8,teams!$A$4:$K$75,2,FALSE)) | H8: =IF($E8="","",VLOOKUP($E8,teams!$A$4:$K$75,3,FALSE)) | I8: =IF($F8="","",VLOOKUP($F8,teams!$A$4:$K$75,2,FALSE)) | J8: =IF($F8="","",VLOOKUP($F8,teams!$A$4:$K$75,3,FALSE))
A9: R64_E_08 | B9: 64 | C9: East | D9: 8 | E9: CONN | F9: FUR | G9: =IF($E9="","",VLOOKUP($E9,teams!$A$4:$K$75,2,FALSE)) | H9: =IF($E9="","",VLOOKUP($E9,teams!$A$4:$K$75,3,FALSE)) | I9: =IF($F9="","",VLOOKUP($F9,teams!$A$4:$K$75,2,FALSE)) | J9: =IF($F9="","",VLOOKUP($F9,teams!$A$4:$K$75,3,FALSE))
A10: R64_W_01 | B10: 64 | C10: West | D10: 1 | E10: ARIZ | F10: LIU | G10: =IF($E10="","",VLOOKUP($E10,teams!$A$4:$K$75,2,FALSE)) | H10: =IF($E10="","",VLOOKUP($E10,teams!$A$4:$K$75,3,FALSE)) | I10: =IF($F10="","",VLOOKUP($F10,teams!$A$4:$K$75,2,FALSE)) | J10: =IF($F10="","",VLOOKUP($F10,teams!$A$4:$K$75,3,FALSE))
A11: R64_W_02 | B11: 64 | C11: West | D11: 2 | E11: NOVA | F11: USU | G11: =IF($E11="","",VLOOKUP($E11,teams!$A$4:$K$75,2,FALSE)) | H11: =IF($E11="","",VLOOKUP($E11,teams!$A$4:$K$75,3,FALSE)) | I11: =IF($F11="","",VLOOKUP($F11,teams!$A$4:$K$75,2,FALSE)) | J11: =IF($F11="","",VLOOKUP($F11,teams!$A$4:$K$75,3,FALSE))
A12: R64_W_03 | B12: 64 | C12: West | D12: 3 | E12: WIS | F12: HPU | G12: =IF($E12="","",VLOOKUP($E12,teams!$A$4:$K$75,2,FALSE)) | H12: =IF($E12="","",VLOOKUP($E12,teams!$A$4:$K$75,3,FALSE)) | I12: =IF($F12="","",VLOOKUP($F12,teams!$A$4:$K$75,2,FALSE)) | J12: =IF($F12="","",VLOOKUP($F12,teams!$A$4:$K$75,3,FALSE))
A13: R64_W_04 | B13: 64 | C13: West | D13: 4 | E13: ARK | F13: HAW | G13: =IF($E13="","",VLOOKUP($E13,teams!$A$4:$K$75,2,FALSE)) | H13: =IF($E13="","",VLOOKUP($E13,teams!$A$4:$K$75,3,FALSE)) | I13: =IF($F13="","",VLOOKUP($F13,teams!$A$4:$K$75,2,FALSE)) | J13: =IF($F13="","",VLOOKUP($F13,teams!$A$4:$K$75,3,FALSE))
... A33: R64_M_08 | B33: 64 | C33: Midwest | D33: 8 | E33: ISU | F33: TNST | G33: =IF($E33="","",VLOOKUP($E33,teams!$A$4:$K$75,2,FALSE)) | H33: =IF($E33="","",VLOOKUP($E33,teams!$A$4:$K$75,3,FALSE)) | I33: =IF($F33="","",VLOOKUP($F33,teams!$A$4:$K$75,2,FALSE)) | J33: =IF($F33="","",VLOOKUP($F33,teams!$A$4:$K$75,3,FALSE))

Sheet scoring_rules
A1: round_name | B1: round_code | C1: win_multiplier | D1: notes
A2: Round 1 | B2: 64 | C2: 1 | D2: Win Round of 64 game
A3: Round 2 | B3: 32 | C3: 2 | D3: Win Round of 32 game
A4: Sweet 16 | B4: 16 | C4: 3 | D4: Win Sweet 16 game
A5: Elite 8 | B5: 8 | C5: 4 | D5: Win Elite 8 game
A6: Final Four | B6: 4 | C6: 5 | D6: Win national semifinal
A7: Championship | B7: 2 | C7: 6 | D7: Win national title game
A9: Scoring basis | B9: Week 19 AP rankings | C9: Mar 9-15, 2026 | D9: Base points come from AP buckets; unranked = 6; First Four placeholder values depend on the winner.

Sheet historical_games
A1: season | B1: game_date | C1: team_a_id | D1: team_b_id | E1: team_a_score | F1: team_b_score | G1: team_a_win
A2: Optional: fill to calibrate k (logistic_k) using historical results.

Sheet first_four_matchups
A1: game_id | B1: region_target | C1: winner_placeholder_id | D1: seed_line | E1: team1_id | F1: team2_id | G1: team1_name | H1: team1_seed | I1: team2_name | J1: team2_seed
A2: FF_W_11 | B2: West | C2: FF_W_11 | D2: 11 | E2: SMU | F2: MIAOH | G2: =VLOOKUP(E2,teams!$A$4:$K$75,2,FALSE) | H2: =VLOOKUP(E2,teams!$A$4:$K$75,3,FALSE) | I2: =VLOOKUP(F2,teams!$A$4:$K$75,2,FALSE) | J2: =VLOOKUP(F2,teams!$A$4:$K$75,3,FALSE)
A3: FF_S_16 | B3: South | C3: FF_S_16 | D3: 16 | E3: HOW | F3: UMBC | G3: =VLOOKUP(E3,teams!$A$4:$K$75,2,FALSE) | H3: =VLOOKUP(E3,teams!$A$4:$K$75,3,FALSE) | I3: =VLOOKUP(F3,teams!$A$4:$K$75,2,FALSE) | J3: =VLOOKUP(F3,teams!$A$4:$K$75,3,FALSE)
A4: FF_M_11 | B4: Midwest | C4: FF_M_11 | D4: 11 | E4: NCSU | F4: TEX | G4: =VLOOKUP(E4,teams!$A$4:$K$75,2,FALSE) | H4: =VLOOKUP(E4,teams!$A$4:$K$75,3,FALSE) | I4: =VLOOKUP(F4,teams!$A$4:$K$75,2,FALSE) | J4: =VLOOKUP(F4,teams!$A$4:$K$75,3,FALSE)
A5: FF_M_16 | B5: Midwest | C5: FF_M_16 | D5: 16 | E5: LEH | F5: PVAM | G5: =VLOOKUP(E5,teams!$A$4:$K$75,2,FALSE) | H5: =VLOOKUP(E5,teams!$A$4:$K$75,3,FALSE) | I5: =VLOOKUP(F5,teams!$A$4:$K$75,2,FALSE) | J5: =VLOOKUP(F5,teams!$A$4:$K$75,3,FALSE)

Sheet sources
A1: source_name | B1: url | C1: notes
A2: KenPom 2026 ratings | B2: https://kenpom.com/index.php | C2: NetRtg values used for teams tab kenpom column; data through games of Sunday, March 15, 2026.
A3: Week 19 AP poll reference | B3: https://www.warrennolan.com/basketball/2026/polls/week/19 | C3: Used for ap_rank_week19 / base_points scoring buckets.
A4: 2026 NCAA bracket | B4: https://www.ncaa.com/news/basketball-men/mml-official-bracket/2026-03-17/2026-ncaa-tournament-printable-bracket-schedule-march-madness | C4: Bracket structure / field.
A5: Torvik PDF | B5: Uploaded PDF: T-Rank - Customizable College Basketball Tempo Free Stats - T-Rank.pdf | C5: torvik column uses AdjOE - AdjDE from 2026 T-Rank table
A6: EvanMiya PDF | B6: Uploaded PDF: EvanMiya CBB Analytics - College Basketball Team, Player, and Lineup Metrics.pdf | C6: evanmia column uses Relative Rating from 2025-26 team ratings table
